"title","description","metaTitle","metaDescription","price","salePrice","quantity","sku","hsn","gst","moq","packing","deliveryCharge","referenceNo","codAvailable","isPublished","brand","category","defaultCategory","images","hasVariants","attributes"
"skldmfkas","sdjnfkasnd","sdfas","dsfas",342,99,324,"dsfad","34523454",3,2,"1",23,"dsfasdf",true,true,"skjiadkf","sdasf","VLCC","uploads/products/1776144836587-105262783.jpg",true,"adf|dfa"
"skldmfkas","sdjnfkasnd","sdfas","dsfas",3423,3242,3423,"3423","34523454",3,2,"1",23,"dsfasdf",true,true,"skjiadkf","sdasf","VLCC","uploads/products/1776144836587-105262783.jpg",true,"adfas"
"skldmfkas","sdjnfkasnd","sdfas","dsfas",3523,3233,324,"dfasfdf","34523454",3,2,"1",23,"dsfasdf",true,true,"skjiadkf","sdasf","VLCC","uploads/products/1776144836587-105262783.jpg",true,"dfas"
"skldmfkas","sdjnfkasnd","sdfas","dsfas",23420,9803,20,"dfasf","34523454",3,2,"1",23,"dsfasdf",true,true,"skjiadkf","sdasf","VLCC","uploads/products/1776144836587-105262783.jpg",true,"sdaf"
"skldmfkas","sdjnfkasnd","sdfas","dsfas",3423,3423,34,"32dsfdf","34523454",3,2,"1",23,"dsfasdf",true,true,"skjiadkf","sdasf","VLCC","uploads/products/1776144836587-105262783.jpg",true,"sdfa"
"jsnjkdn","dsfnkas","dsfasd","dfasd",343,24,34,"dsfasd",35234234,832,34,"34",234,"djfkasnd",true,true,"skjiadkf","VLCC","VLCC","uploads/products/1776247541780-784200340.png",false,
"sfnsdkf","dsfasdf","sdfsad","dfsdf",34324,2341,234,"jhvgcfg",32143243,34,34,"3",32,"sdjs",true,true,"skjiadkf","VLCC","VLCC","uploads/products/1776249635963-132567122.jpg",false,
"JFJSD","dsfa","sdfasd","sdfa",3534,34,324,"23432",3241241,34,343,"3",3412,"341234",true,true,"skjiadkf","VLCC","VLCC","uploads/products/1776249756070-400205340.png",false,
"JFJSD341","dsfa","sdfasd","sdfa",3534,34,324,"23432",32412413,34,343,"3",3412,"341234",true,true,"skjiadkf","VLCC","VLCC","uploads/products/1776249768839-409502612.png",false,
"dsfa","sdfasf","sdfasdf","dsfa",35235,345,45,"34523",23,34512,32,"2342",0,"",true,true,"kdfnasdkf","sdasf","sdasf","uploads/products/1776249835704-336059891.jpg",false,
"ksfklnmdf","dsfasdklfm","sdfjaksdfm","dskfmkalsdmf",33543,225,435,"345",34534453,3453,435,"4352",345,"345",true,true,"dkljidjs","sdasf","sdasf","uploads/products/1776250067640-817212139.png",false,
"jknsjkdnsdf","dsfa","dsfasd","dfasdf",73432,72,324,"3432",34324325,34,342,"32423",3423,"32423",true,true,"dkljidjs","VLCC","VLCC","uploads/products/1776250129860-790411389.png",false,
"kjkndksn","kdsfksdnfknd","sdfdsk","sdfasdf",378478,324,32432,"3423",23647827,3243,324,"34",3432,"342",true,true,"skjiadkf","sdasf","sdasf","uploads/products/1776250175693-778253538.png",false,
"dfnfand","dsfnjsdknf","dfasdf","sdfdsf",36478,2384,34234,"dsf",23467890,45345,324,"34",324,"jsdfjndf",true,true,"skjiadkf","VLCC","VLCC","uploads/products/1776250668126-542621455.png",false,
"sndjksndf","dsfjksdn","dsfdsf","sdfndjkn",35246,234,234,"34324",23456789,34,34,"324",3243,"34324",true,true,"dkljidjs","sdasf","sdasf","uploads/products/1776250830688-777608000.jpg|uploads/products/1776250830722-141092861.png|uploads/products/1776250830964-7584838.png",false,
"jsfkdfk","dfsad","dfdf","sdfsd",23647,899,34,"34",12445575,324,324,"324",324,"324",true,true,"skjiadkf","VLCC","VLCC","uploads/products/1776250874681-251090205.jpg|uploads/products/1776250874714-262387902.png",false,
"sjkdnfjsnf","fskndfkn","dsfa","dsfas",73647326,333,3432,"3423",23456789,324,324,"32",34,"324",true,true,"dkljidjs","VLCC","VLCC","uploads/products/1776251463842-468672381.png",false,
"sjndfjsdn","jsdfjnd","dsfa","sfjsdn",765676,222,767,"76554",7656,7656,56,"6576",765,"67",true,true,"skjiadkf","sdasf","VLCC","uploads/products/1776251499499-729872230.png|uploads/products/1776251499609-624459717.png",false,
"sjndfjsdnvjhjh","jsdfjnd","dsfa","sfjsdn",765676,222,767,"76554",76566754,7656,56,"6576",765,"67",true,true,"skjiadkf","sdasf","VLCC","uploads/products/1776251520218-321255402.png|uploads/products/1776251520343-756437564.png",false,
"dnfksdn","sdmnfkdns","dsfjkn","sdf",37624723,234,23423,"324",32423482,234,234,"34",324,"34",true,true,"dkljidjs","VLCC","VLCC","uploads/products/1776251784279-425265646.jpg",false,
"ndsnkasd","dsfas","dsfasd","sdfs",34782,22,324,"2342",23647213,324,23,"123",123,"123342",true,true,"dkljidjs","VLCC","VLCC","uploads/products/1776253060889-380522718.jpg",false,
"sdfnjasdnf","sdfnjksn","sdfa","sdf",623746,234,234,"324",23467324,34,324,"324",234,"324",true,true,"skjiadkf","sdasf","sdasf","uploads/products/1776253104053-45436767.jpg",false,
"jjjsjkfskadj","sdjfka","sdjfka","askdjfkl",452345,23234,435,"343",23435324,3243,234,"324",324,"234",true,true,"dfjkasd","VLCC","VLCC","uploads/products/1776254044914-483576639.jpg",false,
"kdsjfksdj","dkjfksdk","sdfakm","ksdfkasd",3248923,3234,3234,"jehjhwe",23893845,29,72384,"2838",238,"2983",true,true,"dkljidjs","VLCC","VLCC","uploads/products/1776254886322-297767464.jpg",false,
"ewrfef","dsfdsklfm","kdjfks","ksdfkasd",32423,999,234,"324",31234534,324,45,"345",345,"435",true,true,"dfjkasd","VLCC","VLCC","uploads/products/1776255710055-146306299.jpg",false,
"ejkr","dsfa","sdfas","sdfasdf",464353,99999,45,"342",23432767,234,34,"34",34,"3421",true,true,"skjiadkf","VLCC","VLCC","uploads/products/1776255808009-431101397.jpg",false,